Top pages,Clicks,Impressions,CTR,Position
https://www.cracklabs.app/,86,655,13.13%,6.09
https://www.cracklabs.app/cms,58,1519,3.82%,8.19
https://www.cracklabs.app/guides/upsc-cms-complete-guide,26,4913,0.53%,8.14
https://www.cracklabs.app/cms/vs-neet-pg,23,10535,0.22%,4.06
https://www.cracklabs.app/cms/subject/obg,22,279,7.89%,3.19
https://www.cracklabs.app/cms/cutoff/2026,16,479,3.34%,9.27
https://www.cracklabs.app/cms/subject/psm,16,250,6.4%,5.13
https://www.cracklabs.app/cms/subject/surgery,14,216,6.48%,4.44
https://www.cracklabs.app/cms/cutoff/2024,11,2266,0.49%,8.27
https://www.cracklabs.app/medical-officer,8,210,3.81%,5.41
https://www.cracklabs.app/cms/subject/anaesthesia,7,52,13.46%,4.35
https://www.cracklabs.app/cms/subject/ophthalmology,5,68,7.35%,7.1
https://www.cracklabs.app/usmle,5,59,8.47%,10.22
https://www.cracklabs.app/blog/neet-pg-vs-upsc-cms,4,639,0.63%,5.65
https://www.cracklabs.app/cms/pyq/2024,4,287,1.39%,6.4
https://www.cracklabs.app/cms/vs-ini-cet,3,207,1.45%,4.57
https://www.cracklabs.app/cms/subject/paediatrics,3,116,2.59%,5.71
https://www.cracklabs.app/cms/strategy/last-week,3,115,2.61%,7.15
https://www.cracklabs.app/neet-pg,3,47,6.38%,7
https://www.cracklabs.app/cms/books/park,2,37,5.41%,6.35
https://www.cracklabs.app/cms/strategy/6-month,2,29,6.9%,9.9
https://www.cracklabs.app/guides/medical-officer-jobs,1,724,0.14%,9.34
https://www.cracklabs.app/cms/pyq/2022,1,215,0.47%,8.1
https://www.cracklabs.app/cms/pyq/2021,1,200,0.5%,7.12
https://www.cracklabs.app/cms/books,1,93,1.08%,7.41
https://www.cracklabs.app/cms/pyq/2020,1,87,1.15%,7.21
https://www.cracklabs.app/blog/ini-cet-2024-cutoff-closing-ranks,1,76,1.32%,7.08
https://www.cracklabs.app/fmge,1,71,1.41%,10.34
https://www.cracklabs.app/guides/usmle-step-1-guide,1,54,1.85%,17.65
https://www.cracklabs.app/guides/neet-pg-complete-guide,1,47,2.13%,8.85
https://www.cracklabs.app/about,1,46,2.17%,4.3
https://www.cracklabs.app/cms/subject/medicine,1,30,3.33%,5.87
https://www.cracklabs.app/ini-cet,1,16,6.25%,5.69
https://www.cracklabs.app/cms/books/harrison,1,12,8.33%,9.58
https://www.cracklabs.app/cms/subject/ent,1,11,9.09%,3.09
https://www.cracklabs.app/neet-pg/vs-usmle,0,991,0%,7.32
https://www.cracklabs.app/blog/neet-pg-vs-ini-cet,0,236,0%,7.28
https://www.cracklabs.app/fmge/vs-next,0,166,0%,6.14
https://www.cracklabs.app/guides/ini-cet-complete-guide,0,96,0%,6.58
https://www.cracklabs.app/cms/pyq/2023,0,79,0%,7.25
https://www.cracklabs.app/guides/fmge-complete-guide,0,50,0%,5.7
https://www.cracklabs.app/blog/cms-and-neet-pg-last-week-shared-revision,0,43,0%,5.42
https://www.cracklabs.app/cms/books/ghai,0,36,0%,7.19
https://www.cracklabs.app/guides/study-plan-builder,0,31,0%,4.84
https://www.cracklabs.app/cms/cutoff,0,28,0%,15.07
https://www.cracklabs.app/cms/subject/orthopaedics,0,22,0%,4.64
https://www.cracklabs.app/cms/strategy/3-month,0,21,0%,6.24
https://www.cracklabs.app/inicet,0,18,0%,14.89
https://www.cracklabs.app/subscription,0,17,0%,2.12
https://www.cracklabs.app/guides/ai-in-medical-education,0,17,0%,5.94
https://www.cracklabs.app/medical-review-policy,0,15,0%,7.4
https://www.cracklabs.app/cms/books/dutta,0,14,0%,4.43
https://www.cracklabs.app/blog/best-pg-medical-entrance-books,0,10,0%,7.7
https://www.cracklabs.app/cms/pyq,0,7,0%,16.57
https://www.cracklabs.app/jobs,0,6,0%,6.83
https://www.cracklabs.app/terms,0,4,0%,2.25
https://www.cracklabs.app/privacy-policy,0,4,0%,4.25
https://www.cracklabs.app/blog/upsc-cms-syllabus-high-yield-topics,0,4,0%,5.5
https://www.cracklabs.app/government-doctor-jobs,0,4,0%,20.5
https://www.cracklabs.app/editorial-policy,0,3,0%,3.33
https://www.cracklabs.app/cms/strategy,0,3,0%,6.67
https://www.cracklabs.app/blog/author/dr-aarav-mehta,0,3,0%,10
https://www.cracklabs.app/disclaimer,0,3,0%,10.67
https://www.cracklabs.app/guides,0,2,0%,4.5
https://www.cracklabs.app/resources,0,2,0%,6.5
https://www.cracklabs.app/blog/category/upsc-cms,0,2,0%,8.5
https://www.cracklabs.app/refund-policy,0,2,0%,22
https://www.cracklabs.app/cms/subject,0,1,0%,1
https://www.cracklabs.app/contact,0,1,0%,3
https://www.cracklabs.app/register,0,1,0%,4
https://www.cracklabs.app/blog/category/upsc-cms-neet-pg,0,1,0%,9
https://www.cracklabs.app/blog/tag/upsc-cms-syllabus,0,1,0%,10