Top queries,Clicks,Impressions,CTR,Position
cracklabs,16,34,47.06%,2.35
upsc cms mock test,7,105,6.67%,10.02
upsc cms 2026 cut off,4,93,4.3%,9.4
upsc cms cutoff 2026,3,63,4.76%,9.1
is upsc cms pen and paper,3,40,7.5%,5.35
upsc cms marks per question,2,689,0.29%,9.29
upsc cms cutoff 2024,2,210,0.95%,8.68
upsc cms expected cut off 2026,2,17,11.76%,8.24
upsc cms free mock test,2,13,15.38%,12.38
upsc cms,1,1020,0.1%,3.36
prep cms,1,193,0.52%,8.31
upsc cms cut off 2024,1,186,0.54%,9.54
upsc cms negative marking,1,151,0.66%,8.5
upsc cms marking,1,133,0.75%,8.97
upsc cms vs neet pg which is tough,1,97,1.03%,6.71
upsc cms cut off 2026,1,78,1.28%,8.54
upsc cms vs neet pg which is better,1,73,1.37%,8.53
how many times upsc cms is conducted in a year,1,47,2.13%,5.13
upsc cms how many times in a year,1,46,2.17%,4.48
upsc cms recall,1,44,2.27%,8.84
yes,1,41,2.44%,4.39
total marks in upsc cms,1,34,2.94%,6.76
upsc cms 2026 mock test,1,28,3.57%,3.79
prep cms app,1,26,3.85%,9.42
neet pg vs upsc cms which is tough,1,25,4%,7.12
upsc cms 2021,1,19,5.26%,10.63
upsc cms 2026 expected cutoff,1,17,5.88%,8.88
upsc cms mock test free,1,13,7.69%,7.62
cms preparation,1,10,10%,7.4
upsc cms high yield topics,1,7,14.29%,5.29
upsc cms question paper 2026,1,6,16.67%,7.17
upsc cms preparation,1,5,20%,9.8
best app for upsc cms preparation,1,4,25%,8.5
upsc cms time duration,1,2,50%,3
sc category,1,2,50%,5
free access,1,1,100%,1
usmle step 1 paper pattern,1,1,100%,1
topper score,1,1,100%,2
is it difficult,1,1,100%,5
what about dermatology,1,1,100%,8
psm updates,1,1,100%,15
upsc cms exam,0,412,0%,3.21
upsc cms full form,0,323,0%,7.65
negative marking in upsc cms,0,316,0%,8.94
upsc cms 2024 cut off,0,306,0%,9.29
upsc cms 2026,0,141,0%,4.41
upsc cms cut off 2025,0,102,0%,2.84
upsc cms has negative marking,0,94,0%,8.98
upsc cms 2024 cutoff,0,87,0%,8.69
what is upsc cms,0,83,0%,7.48
is there negative marking in upsc cms,0,83,0%,7.58
is usmle harder than neet pg,0,80,0%,7.42
upsc cms vs neet pg,0,79,0%,7.41
usmle exam,0,77,0%,3
upsc cms salary,0,73,0%,3.63
upsc vs neet pg which is tough,0,73,0%,6.32
upsc cms per question marks,0,68,0%,9.74
upsc cms exam pattern,0,66,0%,3.26
upsc cms exam timing,0,59,0%,2.98
upsc cms timing,0,58,0%,2.45
is upsc cms tough than neet pg,0,57,0%,7.25
upsc cms 2024 cut off marks,0,57,0%,7.6
upsc cms total marks,0,55,0%,5.2
upsc cms result 2026,0,53,0%,3
is upsc cms conducted every year,0,53,0%,8.77
upsc cms 2026 answer key,0,51,0%,7.55
upsc cms 2026 result date,0,50,0%,2.96
upsc cms result,0,49,0%,3.22
upsc cms marking scheme,0,49,0%,3.51
upsc cms syllabus,0,47,0%,4.34
upsc cms cutoff,0,47,0%,7.53
upsc cms 2026 review,0,47,0%,8.83
negative marking in upsc cms exam,0,45,0%,9.29
upsc cms paper,0,44,0%,4.25
cms exam,0,43,0%,3
does upsc cms have negative marking,0,43,0%,8.07
upsc cms dress code,0,41,0%,2.98
upsc cms exam date 2026,0,39,0%,2.9
is upsc cms tougher than neet pg,0,39,0%,7.18
upsc cms full marks,0,39,0%,8
upsc cms 2026 exam date,0,38,0%,2.97
usmle exam fees,0,37,0%,2.03
combined medical services examination,0,37,0%,3.19
upsc cms cut off,0,37,0%,7.16
2024 upsc cms cut off,0,37,0%,9.46
upsc cms 2026 negative marking,0,35,0%,10.11
is usmle harder than neet,0,34,0%,7.85
upsc cms 2025 cut off,0,33,0%,3.18
upsc cms 2021 cut off,0,33,0%,7.03
cms negative marking,0,33,0%,7.85
usmle vs neet pg which is tough,0,33,0%,9.09
neet pg or upsc which is tough,0,32,0%,5
upsc cms is tough or neet pg,0,32,0%,6.97
upsc cms or neet pg which is tough,0,31,0%,6.71
upsc cms total questions,0,30,0%,7.63
upsc cms 2022 cut off,0,30,0%,9.8
neet pg vs upsc which is tough,0,28,0%,5.5
upsc cms pyqs,0,28,0%,9.96
upsc cms qualifying marks,0,27,0%,2.74
is upsc cms easy than neet pg,0,25,0%,6.16
is usmle tougher than neet pg,0,25,0%,9.36
admo salary,0,25,0%,10.6
upsc cms pattern,0,23,0%,3.74
is neet pg tougher than upsc,0,23,0%,5.91
cut off upsc cms 2024,0,22,0%,8.82
upsc medical exam,0,21,0%,3.1
upsc cms how many questions,0,21,0%,8.29
upsc cms 2024 seats,0,21,0%,9.38
upsc cms exam negative marking,0,21,0%,9.71
what is upsc cms exam,0,20,0%,2.1
which is tough upsc cms or neet pg,0,20,0%,7.55
upsc cms paper pattern,0,19,0%,3.21
cms full form in upsc,0,19,0%,7.32
upsc cms answer key 2026,0,19,0%,8.11
dress code for upsc cms exam,0,18,0%,2.17
cms exam date 2026,0,18,0%,2.94
upsc cms benefits in neet pg,0,18,0%,6.06
neet pg vs upsc cms,0,18,0%,7.72
when will upsc cms result be declared,0,17,0%,2.94
usmle or neet pg which is tough,0,17,0%,7.53
upsc cms age limit,0,16,0%,2.81
upsc cms passing marks,0,16,0%,3
upsc cms exam pattern negative marking,0,16,0%,5.56
fmge or next which is tough,0,16,0%,7.06
upsc cms exam duration,0,15,0%,2.93
upsc cms cut off last 5 years,0,15,0%,3.4
upsc cms question paper,0,15,0%,4.2
upsc cms exam conducted every year,0,15,0%,5.6
is usmle easier than neet pg,0,15,0%,7.2
upsc cms 2026 question paper,0,15,0%,8.73
cms exam pattern,0,14,0%,2.86
upsc cms 2026 total applicants,0,14,0%,2.86
upsc cms and neet pg,0,14,0%,8.86
upsc cms 2020 cut off,0,14,0%,10.71
cms test,0,14,0%,11.79
upsc cms seats,0,13,0%,3
upcms exam,0,13,0%,3.54
cutoff for upsc cms,0,13,0%,3.69
upsc or neet pg which is tough,0,13,0%,6.54
upsc cms obc cut off,0,13,0%,8.38
neet pg or usmle which is tough,0,13,0%,8.69
upsc cms marking pattern,0,13,0%,10.85
neet pg vs usmle,0,13,0%,11
upsc cms exam cut off,0,12,0%,2.75
upsc cms total applicants 2026,0,12,0%,2.92
how many marks are required to clear upsc cms,0,12,0%,8.33
cms exam full form,0,12,0%,8.5
neet pg vs usmle which is tough,0,12,0%,9
upsc cms cut off 2022,0,12,0%,9
upsc cms mock,0,12,0%,9.67
upsc cms eligibility,0,11,0%,2.82
timing of upsc cms exam,0,11,0%,2.91
cut off for upsc cms,0,11,0%,3
upsc cms paper timing,0,11,0%,3
upsc cms result date,0,11,0%,3
combined medical services examination 2026,0,11,0%,3.27
upsc csm full form,0,11,0%,4.45
neet pg vs upsc,0,11,0%,5.73
upsc cms preparation app,0,11,0%,6.55
total question in upsc cms,0,11,0%,7.09
best book for upsc cms,0,11,0%,7.55
which is harder usmle or neet pg,0,11,0%,7.55
upsc cms general cutoff,0,11,0%,8
upsc cms 2026 cutoff,0,11,0%,8.27
medical officer exam,0,11,0%,8.82
upsc cms pwd cut off,0,11,0%,9.09
usmle vs neet pg,0,11,0%,11.64
total questions in upsc cms,0,10,0%,2.2
qualifying marks for upsc cms,0,10,0%,2.3
upsc cms exam timings,0,10,0%,3
upsc medical officer,0,10,0%,3
upsc cms exam time,0,10,0%,3.1
total marks of upsc cms exam,0,10,0%,5.2
cms 2024 cutoff,0,10,0%,8.5
mo after mbbs,0,10,0%,9.7
negative marking in cms,0,10,0%,9.9
mo exam after mbbs,0,10,0%,10.1
usmle ai tutor,0,10,0%,11
inicet,0,9,0%,2
how many candidates applied for upsc cms 2026,0,9,0%,2.11
upsc cms test series,0,9,0%,2.44
when upsc cms result will be declared,0,9,0%,2.67
upsc cms exam date,0,9,0%,2.78
last year upsc cms cut off,0,9,0%,3
result of upsc cms 2026,0,9,0%,3
upsc combined medical services,0,9,0%,3.67
upsc cms paper 2026,0,9,0%,5
upsc cms conducted by,0,9,0%,5.78
upsc cms full form in medical,0,9,0%,6.56
upsc cms exam how many times in a year,0,9,0%,7.22
marks per question in upsc cms,0,9,0%,8.33
upsc medical officer exam pattern,0,9,0%,9.22
cms prep,0,9,0%,9.44
upsc cms exam held every year,0,9,0%,10
after mbbs government jobs salary,0,9,0%,10.33
how much marks required for upsc cms,0,8,0%,2
number of questions in upsc cms,0,8,0%,2
upsc cms exam details,0,8,0%,2.25
dress code for upsc cms,0,8,0%,2.38
upsc cms 2026 exam result date,0,8,0%,2.88
upsc cms result date 2026,0,8,0%,3
upsc cms time,0,8,0%,3
upse cms,0,8,0%,3.5
upsc cms negative marking or not,0,8,0%,3.88
passing marks in upsc cms,0,8,0%,4.12
how many questions in upsc cms,0,8,0%,4.25
nbems fmge mock test,0,8,0%,5.75
upsc cms 2026 paper,0,8,0%,6.25
marking in upsc cms,0,8,0%,7.62
is usmle harder than neet ug,0,8,0%,9.5
upsc cms 2022 cutoff,0,8,0%,9.5
cms cut off 2024,0,8,0%,10.12
is upsc cms tough,0,7,0%,2.14
salary of upsc cms doctor,0,7,0%,2.29
marking scheme of upsc cms,0,7,0%,2.86
upsc cms admit card,0,7,0%,3.14
when will upsc cms answer key be released,0,7,0%,3.14
upsc cms results,0,7,0%,3.71
upsc cms is conducted by,0,7,0%,4
upsc cms answer key,0,7,0%,6.14
is upsc cms easier than neet pg,0,7,0%,6.86
upsc cms number of questions,0,7,0%,6.86
upsc cms exam pattern online or offline,0,7,0%,7.29
best books for upsc cms,0,7,0%,7.71
cms officer full form in medical,0,7,0%,8.57
is usmle difficult than neet pg,0,7,0%,8.71
government exams after mbbs,0,7,0%,9.86
cut off for upsc cms 2026,0,7,0%,10.43
how many people give upsc cms,0,6,0%,2
upsc cms qualification marks,0,6,0%,2
upsc cms salary after mbbs,0,6,0%,2
upsc cms exam online or offline,0,6,0%,2.17
neet pg 2026 exam date,0,6,0%,2.67
medical upsc exam date 2026,0,6,0%,2.83
upsc cms admit card 2026 release date,0,6,0%,2.83
cut off upsc cms 2025,0,6,0%,3
upsc cms jobs,0,6,0%,3
upsc combined medical services examination 2026,0,6,0%,3
total number of questions in upsc cms,0,6,0%,3.33
upsc cms last year cut off,0,6,0%,3.33
upsc cms paper 1 and 2 syllabus,0,6,0%,3.67
upsc cms result 2025,0,6,0%,4
upsc cms marks calculator,0,6,0%,4.17
upsc cms exam marks per question,0,6,0%,4.83
total no of questions in upsc cms,0,6,0%,5.17
upsc cms best book,0,6,0%,5.17
upsc cms paper distribution,0,6,0%,6.5
passing marks for upsc cms,0,6,0%,7.67
combined medical services examination eligibility,0,6,0%,7.83
usmle is tougher than neet pg,0,6,0%,8
cms total marks,0,6,0%,8.67
upsc cms exam eligibility,0,6,0%,8.67
upsc pg medical exam,0,6,0%,9.67
upsc cms cutoff category wise,0,6,0%,9.83
ini cet vs neet pg which is tough,0,6,0%,11.33
how many questions in upsc cms exam,0,5,0%,2
is there any dress code for upsc cms exam,0,5,0%,2
marks required to qualify upsc cms,0,5,0%,2
upsc cms doctor salary,0,5,0%,2
upsc cms means,0,5,0%,2
upsc cms next exam date,0,5,0%,2
who conducts upsc cms exam,0,5,0%,2
upsc cms salary per month,0,5,0%,2.2
pattern of upsc cms exam,0,5,0%,2.8
upsc cms qualifying marks for interview,0,5,0%,2.8
upsc cms subjects,0,5,0%,2.8
upsc cms working hours,0,5,0%,2.8
cmse exam,0,5,0%,3
upsc cms 2026 result,0,5,0%,3
upsc cms marking system,0,5,0%,3
upsc cms marks,0,5,0%,3
upsc cms subject wise weightage,0,5,0%,3
upsc cms cutoff 2025,0,5,0%,3.2
upsc cms marks distribution,0,5,0%,3.2
upsc cmo,0,5,0%,3.4
upsc cms what is it,0,5,0%,3.4
upsccms,0,5,0%,3.4
upsc cms marks vs rank,0,5,0%,3.6
cms paper 2026,0,5,0%,3.8
expected cutoff of upsc cms 2026,0,5,0%,3.8
all about upsc cms,0,5,0%,4.4
upsc cms pay level,0,5,0%,6
upsc cms vs neet pg difficulty level,0,5,0%,6.6
how to get government doctor job after mbbs,0,5,0%,7
upsc cms age limit after pg,0,5,0%,7.2
upsc cms 2024 cutoff marks,0,5,0%,7.6
upsc cms 2026 total marks,0,5,0%,7.6
upsc cms details,0,5,0%,7.8
upsc cms cutoff 2022,0,5,0%,8.8
upsc cms expected cutoff 2026,0,5,0%,8.8
mo ship after mbbs,0,5,0%,9.2
government jobs after mbbs and salary,0,5,0%,9.6
inicet 2026 recall pdf,0,5,0%,16.4
upsc cms 2023 cut off,0,5,0%,18.2
inicet may 2026 recall pdf,0,5,0%,20.2
subjects in upsc cms,0,4,0%,2
upsc cms fees,0,4,0%,2
cutoff of upsc cms 2025,0,4,0%,2.25
exam pattern of upsc cms,0,4,0%,2.25
upsc cms grand test,0,4,0%,2.25
when is upsc cms exam 2026,0,4,0%,2.25
upsc cms 2026 exam date postponed,0,4,0%,2.5
upsc cms job,0,4,0%,2.5
upsc cms salary after pg,0,4,0%,2.5
upsc cms seats 2026,0,4,0%,2.5
when does upsc cms result come,0,4,0%,2.5
cut off for upsc cms 2025,0,4,0%,2.75
cut off of upsc cms,0,4,0%,2.75
upsc cms 2026 vacancy,0,4,0%,2.75
upsc cms 2027 exam date,0,4,0%,2.75
upsc cms is for,0,4,0%,2.75
when will upsc cms 2026 result be declared,0,4,0%,2.75
cms exam 2026,0,4,0%,3
cms paper,0,4,0%,3
cms upsc exam pattern,0,4,0%,3
how many appeared for upsc cms 2026,0,4,0%,3
upsc cms centre list 2026,0,4,0%,3
upsc cms entry time,0,4,0%,3
upsc cms exam format,0,4,0%,3
upsc cms exam result,0,4,0%,3
upsc cms posting places,0,4,0%,3
upsc cms result 2026 date,0,4,0%,3
upsc cms result comes in how many days,0,4,0%,3
upsc cms vacancy 2026,0,4,0%,3
cms marking scheme,0,4,0%,3.25
medical officer study,0,4,0%,3.25
upsc cms 2026 vacancy category wise,0,4,0%,3.25
upsc cms 2025 cutoff,0,4,0%,3.75
upsc cms admit card 2026,0,4,0%,4
upsc cms cbt or offline,0,4,0%,4.75
upsc cms exam mode,0,4,0%,4.75
upsc medical officer salary,0,4,0%,5.75
upsc cms 2026 total questions,0,4,0%,6.25
cms grade pay,0,4,0%,7
central medical officer exam,0,4,0%,7.75
whats upsc cms,0,4,0%,7.75
upsc cms maximum marks,0,4,0%,8
cms full form medical upsc,0,4,0%,8.5
upsc cms 2022,0,4,0%,8.75
upsc cms rank predictor,0,4,0%,8.75
cms officer full form,0,4,0%,9.25
upsc divisional medical officer,0,4,0%,9.5
upsc cms 2023 cutoff,0,4,0%,10
which is tough neet pg or usmle,0,4,0%,10
upsc cms cut off for sc,0,4,0%,10.5
exam for medical officer,0,4,0%,11
which is harder upsc or neet,0,4,0%,11.25
mbbs govt jobs salary,0,4,0%,11.5
cms exam full form in medical,0,4,0%,11.75
government jobs after mbbs salary,0,4,0%,11.75
inicet recall 2026 pdf,0,4,0%,15.5
syllabus of upsc cms,0,4,0%,55.75
can i give upsc cms after pg,0,3,0%,2
cms exam eligibility,0,3,0%,2
dress code for upsc cms 2026,0,3,0%,2
highest marks in upsc cms,0,3,0%,2
how many applications for upsc cms 2026,0,3,0%,2
how many applied for upsc cms 2026,0,3,0%,2
how many people applied for upsc cms 2026,0,3,0%,2
how many seats in upsc cms,0,3,0%,2
is usmle tough,0,3,0%,2
marking scheme for upsc cms,0,3,0%,2
marking system of upsc cms,0,3,0%,2
no of questions in upsc cms,0,3,0%,2
seats in upsc cms 2026,0,3,0%,2
total marks of upsc cms,0,3,0%,2
upsc cms applicants 2026,0,3,0%,2
upsc cms exam salary,0,3,0%,2
upsc cms how many attempts,0,3,0%,2
upsc cms is cbt or not,0,3,0%,2
upsc cms is for which post,0,3,0%,2
upsc cms officer salary,0,3,0%,2
upsc cms passing percentage,0,3,0%,2
upsc cms total applicants,0,3,0%,2
upsc cms what job,0,3,0%,2
upsc cms work,0,3,0%,2
what is combined medical services examination,0,3,0%,2
does upsc cms have reservation,0,3,0%,2.33
is upsc cms online or offline,0,3,0%,2.33
upsc cms 2026 dress code,0,3,0%,2.33
upsc cms job profile,0,3,0%,2.33
when is upsc cms interview,0,3,0%,2.33
cutoff for upsc cms 2025,0,3,0%,2.67
how many students appeared for upsc cms 2026,0,3,0%,2.67
upsc cms highest post,0,3,0%,2.67
upsc cms paper total marks,0,3,0%,2.67
cms exam date,0,3,0%,3
cut off upsc cms,0,3,0%,3
neet pg 2026,0,3,0%,3
number of applicants for upsc cms 2026,0,3,0%,3
result of upsc cms,0,3,0%,3
sc,0,3,0%,3
up cms exam,0,3,0%,3
upsc cms 2026 candidates,0,3,0%,3
upsc cms category 1 and 2 difference,0,3,0%,3
upsc cms date 2026,0,3,0%,3
upsc cms eligibility criteria,0,3,0%,3
upsc cms exam marks,0,3,0%,3
upsc cms exam result 2026,0,3,0%,3
upsc cms exam today,0,3,0%,3
upsc cms examination,0,3,0%,3
upsc cms paper 1 and paper 2 syllabus,0,3,0%,3
upsc cms perks,0,3,0%,3
upsc cms post,0,3,0%,3
upsc cms question pattern,0,3,0%,3
upsc cms timing exam,0,3,0%,3
upsc cms timings,0,3,0%,3
upsc cms total applicants 2025,0,3,0%,3
upsc cms vacancy,0,3,0%,3
upscms,0,3,0%,3
usmle,0,3,0%,3
cms previous year question papers,0,3,0%,3.33
upsc cmc,0,3,0%,3.33
upsc cms 2027,0,3,0%,3.33
upsc cms exam news,0,3,0%,3.33
upsc cms exams,0,3,0%,3.33
upsc cms salary after 5 years,0,3,0%,3.33
upsc cms schedule,0,3,0%,3.33
upsc cms each question marks,0,3,0%,4
upsc cms previous year cut off,0,3,0%,4
cmc upsc,0,3,0%,4.33
upsc cms exam instructions,0,3,0%,4.33
upsc cms exam paper 2026,0,3,0%,4.33
upsc cms exam paper,0,3,0%,4.67
how many questions are there in upsc cms,0,3,0%,5
upsc cms key 2026,0,3,0%,5
upsc cms one question how many marks,0,3,0%,5.33
expected cutoff upsc cms 2026,0,3,0%,5.67
upsc cms 2026 exam review,0,3,0%,5.67
upsc cms today paper,0,3,0%,5.67
upsc full form medical,0,3,0%,5.67
is cms exam tough,0,3,0%,6
upsc cms category 1 and 2,0,3,0%,6
upsc cms paper 2 subjects,0,3,0%,6.67
expected cut off upsc cms 2026,0,3,0%,7
cms cutoff 2026,0,3,0%,7.33
what is the negative marking in upsc cms,0,3,0%,7.67
central medical officer salary,0,3,0%,8
upsc cms cut off year wise,0,3,0%,8
answer key upsc cms 2026,0,3,0%,8.33
cms mock test,0,3,0%,8.33
is usmle tougher than neet,0,3,0%,9
upsc cms marks pattern,0,3,0%,9.67
usmle vs neet pg difficulty comparison,0,3,0%,9.67
cms pyqs,0,3,0%,10
upsc cms paper 2026 pdf,0,3,0%,10
cms officer,0,3,0%,10.33
how to apply for medical officer after mbbs,0,3,0%,10.33
mo pay level,0,3,0%,10.33
is ini cet and neet pg same,0,3,0%,10.67
upsc cms 2026 reddit,0,3,0%,10.67
admo in railway salary per month,0,3,0%,11
upsc cms for pg doctors,0,3,0%,11
upsc cms officer,0,3,0%,11
upsc cms starting salary,0,3,0%,11.33
mbbs medical officer salary,0,3,0%,12
medical officer after mbbs,0,3,0%,12
neet pg vs ini cet,0,3,0%,12.33
upsc cms difficulty level,0,3,0%,14.33
upsc cms pyq app,0,3,0%,23
mbbs govt jobs,0,3,0%,26.33
upsc cms coaching online,0,3,0%,27
upsc cms coaching,0,3,0%,28.33
coaching for upsc cms exam,0,3,0%,32.33
upsc cms online coaching,0,3,0%,41
combined medical services examination syllabus,0,3,0%,47.33
does upsc cms happens every year,0,2,0%,1
upsc cms exam qualifying marks,0,2,0%,1
upsc cms rank 1 marks,0,2,0%,1
"""rx bricks"" -site:reddit.com -site:twitter.com -site:x.com -site:wykop.pl 
-site:tripadvisor.com -site:youtube.com -site:yelp.com -site:booking.com 
-site:facebook.com -site:instagram.com -site:tiktok.com",0,2,0%,1.5
cms subjects,0,2,0%,1.5
is upsc cms difficult,0,2,0%,1.5
age limit for upsc cms exam,0,2,0%,2
aiims delhi stipend mbbs,0,2,0%,2
difficulty level,0,2,0%,2
how many attempts for upsc cms,0,2,0%,2
how many marks in upsc cms,0,2,0%,2
how many students appear for upsc cms,0,2,0%,2
how many students give upsc cms exam,0,2,0%,2
how many vacancies in upsc cms 2026,0,2,0%,2
how much negative marking in upsc cms,0,2,0%,2
is upsc cms cbt,0,2,0%,2
is upsc cms computer based,0,2,0%,2
jobs after upsc cms,0,2,0%,2
marks distribution of upsc cms,0,2,0%,2
neet pg difficulty level,0,2,0%,2
next upsc cms exam date,0,2,0%,2
qualifying marks for upsc cms 2025,0,2,0%,2
qualifying marks in upsc cms,0,2,0%,2
salary of upsc cms,0,2,0%,2
salary of upsc cms medical officer,0,2,0%,2
subjects in upsc cms exam,0,2,0%,2
target cms,0,2,0%,2
total seats in upsc cms 2026,0,2,0%,2
upsc cms 2025 result date,0,2,0%,2
upsc cms correct answer marks,0,2,0%,2
upsc cms cut off 2025 for general,0,2,0%,2
upsc cms cut off for obc,0,2,0%,2
upsc cms exam benefits,0,2,0%,2
upsc cms exam fee,0,2,0%,2
upsc cms exam for,0,2,0%,2
upsc cms exam for what,0,2,0%,2
upsc cms exam for which post,0,2,0%,2
upsc cms exam is for,0,2,0%,2
upsc cms exam posts and salary,0,2,0%,2
upsc cms exam total candidates appeared,0,2,0%,2
upsc cms how many marks,0,2,0%,2
upsc cms how many seats,0,2,0%,2
upsc cms is for what,0,2,0%,2
upsc cms job details,0,2,0%,2
upsc cms online or offline,0,2,0%,2
upsc cms total candidates 2025,0,2,0%,2
usmle exam fees in indian rupees,0,2,0%,2
vacancies in upsc cms 2026,0,2,0%,2
what is cms exam,0,2,0%,2
what is upsc combined medical services examination,0,2,0%,2
when is the upsc cms exam 2026,0,2,0%,2
when is upsc cms,0,2,0%,2
when is upsc cms 2026,0,2,0%,2
will fmge be replaced by next,0,2,0%,2
age limit for upsc cms,0,2,0%,2.5
cutoff of upsc cms,0,2,0%,2.5
marking scheme in upsc cms,0,2,0%,2.5
salary,0,2,0%,2.5
u.s. medical licensing exam for foreign doctors,0,2,0%,2.5
upsc cms 2025 exam date,0,2,0%,2.5
upsc cms 2026 answer,0,2,0%,2.5
upsc cms 2026 eligibility criteria,0,2,0%,2.5
upsc cms 2026 how many applied,0,2,0%,2.5
upsc cms age criteria,0,2,0%,2.5
upsc cms age limit for obc,0,2,0%,2.5
upsc cms exam cut-off,0,2,0%,2.5
upsc cms exam fees,0,2,0%,2.5
upsc cms exam pattern 2026,0,2,0%,2.5
upsc cms exam total marks,0,2,0%,2.5
upsc cms expected cutoff 2025,0,2,0%,2.5
upsc cms expected result date,0,2,0%,2.5
upsc cms no of candidates appeared,0,2,0%,2.5
upsc cms number of candidates,0,2,0%,2.5
upsc cms paper marks distribution,0,2,0%,2.5
upsc cms pay scale,0,2,0%,2.5
upsc cms posts and salary,0,2,0%,2.5
upsc cms score,0,2,0%,2.5
upsc cms total seats,0,2,0%,2.5
upsc combined medical services exam,0,2,0%,2.5
upsc medical officer eligibility,0,2,0%,2.5
what is next exam after mbbs,0,2,0%,2.5
when does upsc cms release answer key,0,2,0%,2.5
after how many days upsc cms result will be declared,0,2,0%,3
cme exam date 2026,0,2,0%,3
cms exam syllabus,0,2,0%,3
cms exam timing,0,2,0%,3
combined medical service examination,0,2,0%,3
how many people are selected for upsc cms interview,0,2,0%,3
how to calculate upsc cms marks,0,2,0%,3
how was upsc cms 2026,0,2,0%,3
negative marking for upsc cms,0,2,0%,3
next exam,0,2,0%,3
next exam mbbs,0,2,0%,3
qualification marks for upsc cms,0,2,0%,3
uosc cms,0,2,0%,3
up cms exam date,0,2,0%,3
up cms exam timing,0,2,0%,3
upsc cms 1 question marks,0,2,0%,3
upsc cms 2025,0,2,0%,3
upsc cms 2025 topper marks,0,2,0%,3
upsc cms 2025 vacancy,0,2,0%,3
upsc cms 2026 exam pattern,0,2,0%,3
upsc cms age limit for general,0,2,0%,3
upsc cms candidates appeared 2025,0,2,0%,3
upsc cms cut-off 2025 category wise,0,2,0%,3
upsc cms cuttoff,0,2,0%,3
upsc cms dates,0,2,0%,3
upsc cms exam cut off 2025,0,2,0%,3
upsc cms exam date 2027,0,2,0%,3
upsc cms exam dress code,0,2,0%,3
upsc cms exam marking scheme,0,2,0%,3
upsc cms exam paper pattern,0,2,0%,3
upsc cms exam pattern and syllabus,0,2,0%,3
upsc cms exam result date 2026,0,2,0%,3
upsc cms exam rules,0,2,0%,3
upsc cms for,0,2,0%,3
upsc cms general seats,0,2,0%,3
upsc cms interview date 2025,0,2,0%,3
upsc cms interview date 2026,0,2,0%,3
upsc cms medical officer,0,2,0%,3
upsc cms paper date,0,2,0%,3
upsc cms paper leak,0,2,0%,3
upsc cms paper review,0,2,0%,3
upsc cms portion,0,2,0%,3
upsc cms postings,0,2,0%,3
upsc cms promotion hierarchy,0,2,0%,3
upsc cms question paper pattern,0,2,0%,3
upsc cms questions pattern,0,2,0%,3
upsc cms rank list,0,2,0%,3
upsc cms result 2026 expected date,0,2,0%,3
upsc cms syllabus and exam pattern,0,2,0%,3
upsc cms topper marks 2025,0,2,0%,3
upsc cms.,0,2,0%,3
upsc combined medical services exam date 2026,0,2,0%,3
upsc exam for doctors,0,2,0%,3
upsc medical exam date 2026,0,2,0%,3
upsc medical exam time,0,2,0%,3
upsc medical officer exam,0,2,0%,3
upsc medical officer exam date 2026,0,2,0%,3
when upsc cms result declared 2026,0,2,0%,3
when will upsc cms result come,0,2,0%,3
when will upsc cms results be released,0,2,0%,3
cms exam result 2026,0,2,0%,3.5
cms paper 1 and 2,0,2,0%,3.5
cms upsc,0,2,0%,3.5
cms upsc 2026,0,2,0%,3.5
cut off,0,2,0%,3.5
upcs cms,0,2,0%,3.5
upsc civilian medical officer,0,2,0%,3.5
upsc cms 2026 marking scheme,0,2,0%,3.5
upsc cms exam 2026 review,0,2,0%,3.5
upsc cms exam answer key,0,2,0%,3.5
upsc cms posts,0,2,0%,3.5
upsc cms topper marks,0,2,0%,3.5
upsc cms vacancy 2026 category wise,0,2,0%,3.5
upsc cms written cut off,0,2,0%,3.5
upsce cms,0,2,0%,3.5
mock test for upsc cms,0,2,0%,4
upsc cms 2025 result,0,2,0%,4
upsc cms 2026 difficulty level,0,2,0%,4
upsc combined medical services examination,0,2,0%,4
upsc medical officer exam 2026,0,2,0%,4
"""cms"" ""materials"" -site:reddit.com -site:twitter.com -site:x.com 
-site:wykop.pl -site:tripadvisor.com -site:youtube.com -site:yelp.com 
-site:booking.com -site:facebook.com -site:instagram.com -site:tiktok.com",0,2,0%,4.5
does upsc cms exam have negative marking,0,2,0%,4.5
exam for medical officer after mbbs,0,2,0%,4.5
upsc cms paper 1 subjects,0,2,0%,4.5
upsc cms paper review 2026,0,2,0%,4.5
upsc cms rank list 2025,0,2,0%,4.5
upsc cms 2026 analysis,0,2,0%,5
upsc cms paper analysis,0,2,0%,5
upsc cms question,0,2,0%,5
upsc cms question bank,0,2,0%,5
upsc cms 2025 rank list,0,2,0%,5.5
upsc cms official website,0,2,0%,5.5
upsc medical officer cut off,0,2,0%,5.5
expected cut off for upsc cms 2026,0,2,0%,6
full form of upsc cms,0,2,0%,6
is upsc cms mcq based,0,2,0%,6
upsc cms omr,0,2,0%,6
upsc cms rank vs marks,0,2,0%,6
cms 2026,0,2,0%,6.5
cms upsc full form,0,2,0%,6.5
is neet pg and inicet same,0,2,0%,6.5
is next exam tougher than fmge,0,2,0%,6.5
upsc cms official answer key 2026,0,2,0%,6.5
upsc cms year wise cutoff,0,2,0%,6.5
cms cut off 2026,0,2,0%,7
is upsc cms conducted twice a year,0,2,0%,7
mbbs doctor government job salary,0,2,0%,7
park's textbook of preventive and social medicine 26th edition,0,2,0%,7
upsc cms cut off 2021,0,2,0%,7
upsc cms cut off for general,0,2,0%,7
cutoff upsc cms 2026,0,2,0%,7.5
upsc cms format,0,2,0%,7.5
upsc cms important topics,0,2,0%,7.5
upsc vs neet pg,0,2,0%,7.5
aiims pg replaced by ini-cet official,0,2,0%,8
upsc cms study material,0,2,0%,8.5
upsc medical officer qualification,0,2,0%,8.5
what's upsc cms,0,2,0%,8.5
neet pg gold standard book,0,2,0%,9
cms answer key 2026,0,2,0%,9.5
cms eligibility,0,2,0%,9.5
cms exam 2026 answer key,0,2,0%,9.5
high yield topics for upsc cms,0,2,0%,9.5
upsc cms 2026 answer key paper 2,0,2,0%,9.5
cms 2026 answer key,0,2,0%,10
cut off upsc cms 2026,0,2,0%,10
is neet pg tough or usmle,0,2,0%,10
upsc cms 2026 full form,0,2,0%,10
upsc cms reddit,0,2,0%,10
upsc cms training period,0,2,0%,10
cms full form in medical salary,0,2,0%,10.5
is inicet tougher than neet pg,0,2,0%,10.5
upsc cms app,0,2,0%,10.5
usmle exam vs neet pg,0,2,0%,10.5
cutoff for upsc cms 2026,0,2,0%,11
fmge or next difference,0,2,0%,11
upsc jobs for mbbs doctors,0,2,0%,11
exams for medical officer,0,2,0%,11.5
mbbs govt job salary,0,2,0%,11.5
usmle step 2 ai tutor,0,2,0%,12.5
upsc cms after pg,0,2,0%,13
inicet vs neet pg,0,2,0%,15
ini cet syllabus,0,2,0%,16
tb mukt bharat,0,2,0%,23.5
is fmge tougher than neet,0,2,0%,29.5
neet pg blueprint,0,2,0%,30
job for mbbs doctors in government sector,0,2,0%,39.5
usmle india,0,2,0%,42
uworld,0,2,0%,44
upsc cms exam syllabus,0,2,0%,74
"""usmle-rx"" ""study tools"" -site:reddit.com -site:twitter.com -site:x.com 
-site:wykop.pl -site:tripadvisor.com -site:youtube.com -site:yelp.com 
-site:booking.com -site:facebook.com -site:instagram.com -site:tiktok.com",0,1,0%,1
both,0,1,0%,1
central government doctor jobs,0,1,0%,1
cutt off,0,1,0%,1
detailed chapter breakdown,0,1,0%,1
for states,0,1,0%,1
free?,0,1,0%,1
government job after mbbs,0,1,0%,1
haan,0,1,0%,1
highest salary job,0,1,0%,1
is it tougher than neet,0,1,0%,1
neet pg,0,1,0%,1
of which year?,0,1,0%,1
previous year cut off,0,1,0%,1
psm,0,1,0%,1
s,0,1,0%,1
this year expected cutoff,0,1,0%,1
upsc cms category 1,0,1,0%,1
upsc cms exam difficulty level,0,1,0%,1
upsc cms marks distribution per question,0,1,0%,1
upsc cms toughness level,0,1,0%,1
usmle vs neet pg which is easy,0,1,0%,1
which pays higher,0,1,0%,1
yes please provide,0,1,0%,1
yes share,0,1,0%,1
.,0,1,0%,2
2024 cut off,0,1,0%,2
295,0,1,0%,2
3,0,1,0%,2
after completing mbbs in abroad what to do,0,1,0%,2
all about upsc cms exam,0,1,0%,2
benefit,0,1,0%,2
benefits of upsc cms,0,1,0%,2
cat off,0,1,0%,2
category wise,0,1,0%,2
chief medical officer exam,0,1,0%,2
cms after mbbs,0,1,0%,2
cms exam after mbbs,0,1,0%,2
cms exam pattern and syllabus,0,1,0%,2
cms exam subjects,0,1,0%,2
cms full form,0,1,0%,2
cms salary in india,0,1,0%,2
cms test portal,0,1,0%,2
cmsed course kya hai,0,1,0%,2
combined medical services examination salary,0,1,0%,2
cost of usmle exam in india,0,1,0%,2
cut off marks for upsc cms 2025,0,1,0%,2
cut off of upsc cms 2025,0,1,0%,2
date of upsc cms exam,0,1,0%,2
difference between inicet and neet pg,0,1,0%,2
dress code for upsc cms written exam,0,1,0%,2
each question carries how many marks in upsc cms,0,1,0%,2
eligibility criteria for upsc cms,0,1,0%,2
eligibility for upsc cms,0,1,0%,2
exam after foreign mbbs in india,0,1,0%,2
exam after mbbs,0,1,0%,2
exam in india after mbbs abroad,0,1,0%,2
exam timing of upsc cms,0,1,0%,2
expected 2026 cutoff,0,1,0%,2
fmge exam hard or easy,0,1,0%,2
fmge replaced by next,0,1,0%,2
fmge vs next,0,1,0%,2
for free,0,1,0%,2
for sc,0,1,0%,2
govt,0,1,0%,2
how difficult is usmle step 1,0,1,0%,2
how does usmle work,0,1,0%,2
how hard is usmle step 1,0,1,0%,2
how is upsc cms exam conducted,0,1,0%,2
how many applicants for upsc cms 2026,0,1,0%,2
how many candidates applied for upsc cms 2025,0,1,0%,2
how many students appeared for upsc cms 2025,0,1,0%,2
how many students appeared in upsc cms 2025,0,1,0%,2
how many students appeared in upsc cms 2026,0,1,0%,2
how many students give neet pg exam,0,1,0%,2
how many students give upsc cms,0,1,0%,2
how much does usmle cost in india,0,1,0%,2
how much does usmle cost in total,0,1,0%,2
in upsc cms,0,1,0%,2
ini cet nov 2026 exam date,0,1,0%,2
inicet exam date,0,1,0%,2
inicet november 2026,0,1,0%,2
ios,0,1,0%,2
is it gazetted post,0,1,0%,2
is it tough,0,1,0%,2
is neet mds tough,0,1,0%,2
is next exam compulsory for indian mbbs students,0,1,0%,2
is next exam confirmed,0,1,0%,2
is usmle exam tough,0,1,0%,2
is usmle tough for indian students,0,1,0%,2
marking scheme in upsc cms exam,0,1,0%,2
marking system in upsc cms,0,1,0%,2
mbbs exit exam,0,1,0%,2
medical officer criteria,0,1,0%,2
medical officer salary,0,1,0%,2
neet or upsc which is tough,0,1,0%,2
neet pg postponed 2026,0,1,0%,2
neet ug vs neet pg which is tough,0,1,0%,2
next exam mbbs from which batch,0,1,0%,2
next is applicable from which batch,0,1,0%,2
next or fmge,0,1,0%,2
nimhans,0,1,0%,2
no of applicants for upsc cms 2025,0,1,0%,2
no of applicants for upsc cms 2026,0,1,0%,2
no of vacancies in upsc cms 2026,0,1,0%,2
not entrance,0,1,0%,2
number of applicants for upsc cms 2025,0,1,0%,2
paper level,0,1,0%,2
passing,0,1,0%,2
pyqs,0,1,0%,2
result of upsc cms 2025,0,1,0%,2
salary after clearing upsc cms,0,1,0%,2
salary after upsc cms,0,1,0%,2
salary of cms doctor,0,1,0%,2
st cut off,0,1,0%,2
subjects for upsc cms,0,1,0%,2
subjects for upsc cms exam,0,1,0%,2
syllabus,0,1,0%,2
upsc cms 2025 cut off marks,0,1,0%,2
upsc cms 2026 correction window,0,1,0%,2
upsc cms 2026 online or offline,0,1,0%,2
upsc cms 2026 passing marks,0,1,0%,2
upsc cms 2026 posts,0,1,0%,2
upsc cms 2026 seats,0,1,0%,2
upsc cms 2026 time,0,1,0%,2
upsc cms 2026 timings,0,1,0%,2
upsc cms 2026 total seats,0,1,0%,2
upsc cms 2026 total vacancy,0,1,0%,2
upsc cms 2027 date,0,1,0%,2
upsc cms age limit for general category,0,1,0%,2
upsc cms aspirants number,0,1,0%,2
upsc cms attempts,0,1,0%,2
upsc cms benefits,0,1,0%,2
upsc cms cut off for general category,0,1,0%,2
upsc cms eligibility criteria 2026,0,1,0%,2
upsc cms exam conducted by,0,1,0%,2
upsc cms exam is for what,0,1,0%,2
upsc cms exam marks distribution,0,1,0%,2
upsc cms exam passing marks,0,1,0%,2
upsc cms exam review,0,1,0%,2
upsc cms exam subjects,0,1,0%,2
upsc cms for what,0,1,0%,2
upsc cms for which post,0,1,0%,2
upsc cms in hand salary,0,1,0%,2
upsc cms job opportunities,0,1,0%,2
upsc cms marks for correct answer,0,1,0%,2
upsc cms marks required,0,1,0%,2
upsc cms meaning,0,1,0%,2
upsc cms medical officer salary,0,1,0%,2
upsc cms mo salary,0,1,0%,2
upsc cms mode of exam,0,1,0%,2
upsc cms no of candidates,0,1,0%,2
upsc cms officer facilities,0,1,0%,2
upsc cms paper duration,0,1,0%,2
upsc cms paper is online or offline,0,1,0%,2
upsc cms paper timings,0,1,0%,2
upsc cms post name,0,1,0%,2
upsc cms post salary,0,1,0%,2
upsc cms qualification,0,1,0%,2
upsc cms qualifying marks 2025,0,1,0%,2
upsc cms registration fees,0,1,0%,2
upsc cms result 2025 date,0,1,0%,2
upsc cms scope,0,1,0%,2
upsc cms se kya bante hai,0,1,0%,2
upsc cms seats 2026 category wise,0,1,0%,2
upsc cms selection marks,0,1,0%,2
upsc cms timeline,0,1,0%,2
upsc cms total number of questions,0,1,0%,2
upsc cms total students appeared,0,1,0%,2
upsc cms total vacancy 2026,0,1,0%,2
upsc cms written exam dress code,0,1,0%,2
upsc combined medical services salary,0,1,0%,2
upsc exam for mbbs doctors,0,1,0%,2
upsc exam for medical graduates,0,1,0%,2
upsc exam for medical officer,0,1,0%,2
upsc medical officer salary per month,0,1,0%,2
usmle cost in india,0,1,0%,2
usmle eligibility criteria,0,1,0%,2
usmle exam fees in india,0,1,0%,2
usmle fees in inr,0,1,0%,2
usmle full form,0,1,0%,2
usmle question paper,0,1,0%,2
usmle total cost,0,1,0%,2
usmle valid in which countries,0,1,0%,2
what after fmge,0,1,0%,2
what is cms exam in upsc,0,1,0%,2
what is exit exam for mbbs,0,1,0%,2
what is upsc cms for,0,1,0%,2
what is usmle,0,1,0%,2
whats usmle,0,1,0%,2
when is inicet conducted,0,1,0%,2
when is the neet pg 2026,0,1,0%,2
which batch will give next exam first,0,1,0%,2
which countries accept usmle for residency,0,1,0%,2
which is difficult,0,1,0%,2
who can give upsc cms exam,0,1,0%,2
who can give usmle exam,0,1,0%,2
who is a medical officer,0,1,0%,2
with 20 years of service,0,1,0%,2
yes free,0,1,0%,2
yes tell,0,1,0%,2
yess tell,0,1,0%,2
yq,0,1,0%,2
2024 year,0,1,0%,3
2025 upsc cms result,0,1,0%,3
after usmle can we practice in india,0,1,0%,3
all india medical services exam,0,1,0%,3
and other subjects,0,1,0%,3
can i do pg after upsc cms,0,1,0%,3
central government,0,1,0%,3
central health services posts,0,1,0%,3
class 9 cms syllabus,0,1,0%,3
cmc upsc 2026,0,1,0%,3
cmo exam date 2026,0,1,0%,3
cms,0,1,0%,3
cms 2025 cutoff,0,1,0%,3
cms 2026 exam date,0,1,0%,3
cms 2026 result date,0,1,0%,3
cms cut off 2025,0,1,0%,3
cms ed course,0,1,0%,3
cms ed full form,0,1,0%,3
cms exam time,0,1,0%,3
cms examination,0,1,0%,3
cms full form medical,0,1,0%,3
cms mbbs exam,0,1,0%,3
cms medical,0,1,0%,3
cms medical exam,0,1,0%,3
cms medical exam 2026,0,1,0%,3
cms paper 1,0,1,0%,3
cms paper pattern,0,1,0%,3
cms paper timing,0,1,0%,3
cms upsc exam,0,1,0%,3
cms upsc exam date,0,1,0%,3
combined medical service,0,1,0%,3
combined medical services,0,1,0%,3
combined medical services examination 2025,0,1,0%,3
combined medical services examination posts,0,1,0%,3
cut off cms 2025,0,1,0%,3
does upsc cms release answer key,0,1,0%,3
expected upsc cms cut off 2026,0,1,0%,3
final year mbbs syllabus,0,1,0%,3
fmge,0,1,0%,3
fmge exam results,0,1,0%,3
fmge news,0,1,0%,3
fmge next exam,0,1,0%,3
her air,0,1,0%,3
how many appeared for upsc cms 2025,0,1,0%,3
how many candidates appeared for upsc cms 2026,0,1,0%,3
how many indian students clear usmle,0,1,0%,3
how to become a mo,0,1,0%,3
how to pass usmle,0,1,0%,3
in service quota,0,1,0%,3
indian medical service upsc,0,1,0%,3
inicet nov 2026,0,1,0%,3
is next exam tough,0,1,0%,3
is there reservation,0,1,0%,3
is upsc cms postponed,0,1,0%,3
job after upsc cms,0,1,0%,3
last 10 years upsc cms question papers with answers pdf free,0,1,0%,3
mark per question,0,1,0%,3
marking of upsc cms,0,1,0%,3
marking scheme,0,1,0%,3
mbbs upsc exam,0,1,0%,3
medical officer exam date 2026,0,1,0%,3
medical pg duration in india,0,1,0%,3
medical upsc exam,0,1,0%,3
mock test link,0,1,0%,3
neet pg dates,0,1,0%,3
neet pg exam pattern,0,1,0%,3
neet pg · 2026,0,1,0%,3
next exam for abroad students,0,1,0%,3
next exam nmc,0,1,0%,3
next exam when will start,0,1,0%,3
paper 2 upsc cms,0,1,0%,3
paper pattern of upsc cms,0,1,0%,3
perks of upsc cms,0,1,0%,3
result date of upsc cms 2026,0,1,0%,3
results of upsc cms 2026,0,1,0%,3
show,0,1,0%,3
table,0,1,0%,3
time for upsc cms exam,0,1,0%,3
total applicants for upsc cms 2026,0,1,0%,3
total candidates appeared in upsc cms 2026,0,1,0%,3
total pg seats in tamilnadu government medical colleges pdf,0,1,0%,3
upsc cme,0,1,0%,3
upsc cme exam date,0,1,0%,3
upsc cmo exam,0,1,0%,3
upsc cms 2024,0,1,0%,3
upsc cms 2025 answer key release date,0,1,0%,3
upsc cms 2025 cut off category wise,0,1,0%,3
upsc cms 2025 how many students appeared,0,1,0%,3
upsc cms 2025 results,0,1,0%,3
upsc cms 2025 total applicants,0,1,0%,3
upsc cms 2026 admit card release date,0,1,0%,3
upsc cms 2026 answer key release date,0,1,0%,3
upsc cms 2026 applicants,0,1,0%,3
upsc cms 2026 exam date latest news,0,1,0%,3
upsc cms 2026 number of candidates,0,1,0%,3
upsc cms 2026 pattern,0,1,0%,3
upsc cms 2026 prelims date,0,1,0%,3
upsc cms 2026 recall,0,1,0%,3
upsc cms 2026 result expected date,0,1,0%,3